<?xml version="1.0"?>
<Root>
  <first_name>Dummy value for first_name</first_name>
  <last_name>Dummy value for last_name</last_name>
  <email>Dummy value for email</email>
  <contact_person>Dummy value for contact_person</contact_person>
  <incorporation_legal_form>Dummy value for incorporation_legal_form</incorporation_legal_form>
  <incorporation_number>Dummy value for incorporation_number</incorporation_number>
  <email>Dummy value for email</email>
  <contact_person>Dummy value for contact_person</contact_person>
  <incorporation_legal_form>Dummy value for incorporation_legal_form</incorporation_legal_form>
  <incorporation_number>Dummy value for incorporation_number</incorporation_number>
  <email>Dummy value for email</email>
  <contact_person>Dummy value for contact_person</contact_person>
  <incorporation_legal_form>Dummy value for incorporation_legal_form</incorporation_legal_form>
  <incorporation_number>Dummy value for incorporation_number</incorporation_number>
  <email>Dummy value for email</email>
</Root>
